file_name,topo1,topo2,topo3,topo4,address,yandex_map,address_short
_default,Москва,в Москве,по Москве,Москвы,"Москва, улица Свободы, 1к5",3A4d99a8bd413140692b688aa518b49854c3f17984a5e23253e0b6624c1c10b2fa,"улица Свободы, 1к5"
odincovo,Одинцово,в Одинцово,по Одинцово,Одинцово,"Одинцово, Улица Свободы, дом 1",3Ab6b28faa84b8f204d665ef9b8ce34e4a46f8e4e3c2f7beada3ea392fba766d75,"Улица Свободы, дом 1"
ramenskoe,Раменское,в Раменском,по Раменскому,Раменского,"Раменское, улица Куйбышева, 41",3A4bbd64d2aff6e60cb6e48630fd14f504314c0f53d1e026615b9578760af9a5e9,"улица Куйбышева, 41"
krasnogorsk,Красногорск,в Красногорске,по Красногорску,Красногорска,"Красногорск, Школьная улица, 1",3A21a534ee2738847c9c5f691b0368637df19ace20e8dc284cad122d8c97b3a0fd,"Школьная улица, 1"
mytishchi,Мытищи,в Мытищах,по Мытищам,Мытищ,"Мытищи, улица Мира, 51",3A6681fc2dcf653e8f392c885135b028821a137811f0ca9498c4e91f827e999b96,"улица Мира, 51"
khimki,Химки,в Химках,по Химкам,Химок,"Химки, улица Московская, 16",3Af4b1c801d6ba8e3bf3f46e6e8ffff2fda1b0fcd95d73bb52668959b75ed382a9,"улица Московская, 16"
solnechnogorsk,Солнечногорск,в Солнечногорске,по Солнечногорску,Солнечногорска,"Солнечногорск, Красная улица, дом 154",3A710a9661106f89ea0fcd6130316da5ba9defe3d509155eebd0992980e4a1e805,"Красная улица, дом 154"
dmitrov,Дмитров,в Дмитрове,по Дмитрову,Дмитрова,"Дмитров, улица Загорская, 22",3Aafa24cb836df832d216527ff466927055bb891c09084ea76e98a942f2d0efbeb,"улица Загорская, 22"
balashiha,Балашиха,в Балашихе,по Балашихе,Балашихи,"Балашиха, улица Рождественская, 3",3A2a9f7073e37ab85aa22af63a43f4cc3317961750044c0904ab27dd5c989bcfe2,"улица Рождественская, 3"
podolsk,Подольск,в Подольске,по Подольску,Подольска,"Подольск, улица Кирова, 29",3A456a8eb1650b73857c8c054e48353ab68650a62cac9eb25c4188be347ad07d1b,"улица Кирова, 29"
istra,Истра,в Истре,по Истре,Истры,"Истра, улица Морозова, 5",3A91eb1b79b7f4aad34606e629f7271c53123d2f1015348fce5c78727f3ac6812e,"улица Морозова, 5"
chekhov,Чехов,в Чехове,по Чехову,Чехова,"Чехов, улица Чехова, 27",3A8b73c36089a8c78d2d188eb18e5e3c75725ef75ca86d822d4a536c5b6ccd3d4a,"улица Чехова, 27"
sergiev-posad,Сергиев Посад,в Сергиевом Посаде,по Сергиеву Посаду,Сергиева Посада,"Сергиев Посад, проспект Красной Армии, 232А",3Ad31c49784fa3e2b52bf785e028430a689ba696e4ebb39e7545bc13a41ed373e3,"проспект Красной Армии, 232А"
voskresensk,Воскресенск,в Воскресенске,по Воскресенску,Воскресенска,"Воскресенск, улица Андреса, 27с2",3Ab00e39948d34f97ad6e6f8e74bb76dcbbf1d9003341ab1668b9cb180e0540968,"улица Андреса, 27с2"
naro-fominsk,Наро-Фоминск,в Наро-Фоминске,по Наро-Фоминску,Наро-Фоминска,"Наро-Фоминск, лощадь Свободы, 10",3Ad47a7dd159de56fc4bb96dd1c9800a25b18b7f5551e90ea6f954a4ef6b46f619,"лощадь Свободы, 10"
stupino,Ступино,в Ступино,по Ступино,Ступино,"Ступино, улица Горького, вл. 20",3A4cae84ac82408e1ffff1beebc88ccf0090bea14034dc6938bc292da25d78b341,"улица Горького, вл. 20"
kolomna,Коломна,в Коломне,по Коломне,Коломны,"Коломна, улица Октябрьской Революции, 362",3Ae20563dc899deb45a52c3ff34cac734e781063af4876463f648ab09349bf79c5,"улица Октябрьской Революции, 362"
dolgoprudnyj,Долгопрудный,в Долгопрудном,по Долгопрудному,Долгопрудного,"Долгопрудный, Старое Дмитровское ш., 2с1",3Abced20bcf9cdbebe3e3344d38ecf3df434fc0d360ba8ec4d98ff80895fc0eeb3,"Старое Дмитровское ш., 2с1"
korolyov,Королёв,в Королеве,по Королеву,Королева,"Королёв, улица Лесная, 12",3Aec99ed270b6e32e0eb9109290499400ba7d17b88137e3e32ca4cc33be0a7022d,"улица Лесная, 12"
domodedovo,Домодедово,в Домодедово,по Домодедово,Домодедово,"Домодедово, улица Корнеева, 1А",3A27855bf51728f1ca97c32992be2c98ddd599f0df54d6be57bdd2bd785c0f1979,"улица Корнеева, 1А"
pushkino,Пушкино,в Пушкино,по Пушкино,Пушкино,"Пушкино, Московский проспект, 7А",3A097de111556d6300178e310ec76d0919eb135df552d39170dee6e611668fd284,"Московский проспект, 7А"
serpuhov,Серпухов,в Серпухове,по Серпухову,Серпухова,"Серпухов, улица Советская, 111",3A685dcba4f860a8e3ab394149d50a3687474c458af95d506ef2ecfe0e51a057c5,"улица Советская, 111"
klin,Клин,в Клине,по Клину,Клина,"Клин, улица Гагарина, 5/6",3A37a342d8775838cbac8e7e0cdea8056289daf30c9ae6ac3f46f73908051cc5f3,"улица Гагарина, 5/6"
vidnoe,Видное,в Видном,по Видному,Видного,"Видное, улица Олимпийская, 6, корп. 1",3Ab29b852599abe46972bfafbf95fd996bb946b8068311f796e582258274bf6e09,"улица Олимпийская, 6, корп. 1"
shchyolkovo,Щёлково,в Щёлково,по Щёлково,Щёлково,"Щёлково, улица Талсинская, 1",3A210f3f6d9496d7cc5115c2914cdbb1a48e1b503e4d9e168b95d472d3a134de53,"улица Талсинская, 1"
elektrostal,Электросталь,в Электростали,по Электростали,Электростали,"Электросталь, улица Карла Маркса, 30А",3Aa2043f4131ea49b6e2285909f712decb75f816c6cb22f738dfe2c7a1d5929d1b,"улица Карла Маркса, 30А"
noginsk,Ногинск,в Ногинске,по Ногинску,Ногинска,"Ногинск, улица Комсомольская, 26",3A401302ddaa7764633089937ebaa65f79fcf9eaed003bdb24a3bd1e53b5d0af7b,"улица Комсомольская, 26"
egorevsk,Егорьевск,в Егорьевске,по Егорьевску,Егорьевска,"Егорьевск, улица Советская, 82",3A062600d9f6f2c706e31fc52f8343d3b0e99d359030d40d2c19a4a7f0269a21d5,"улица Советская, 82"
reutov,Реутов,в Реутове,по Реутову,Реутова,"Реутов, улица Ленина, 21",3Ac8f476f00080c0808d77cf5ea84f31213875bc7f39f2b9d1ccd23df2eaae49d7,"улица Ленина, 21"
zhukovskij,Жуковский,в Жуковском,по Жуковскому,Жуковского,"Жуковский, улица Чкалова, 2А",3A28047d26accc6c54f05eb17564ab89ce65f77d781d1342922ad277a102830f66,"улица Чкалова, 2А"
mozhajsk,Можайск,в Можайске,по Можайску,Можайска,"Можайск, улица Мира, 2А",3A296f5ba565a3894e85f87b9dca6107a91f8448adc52457bd8f77f77f04859ac9,"улица Мира, 2А"
orekhovo-zuevo,Орехово-Зуево,в Орехово-Зуево,по Орехово-Зуево,Орехово-Зуево,"Орехово-Зуево, улица Ленина, 14",3Ac9c65e172c03e59f09c94e75d0bb1115f8e96bd29bff814f58038ef62c9d5606,"улица Ленина, 14"
lobnya,Лобня,в Лобне,по Лобне,Лобни,"Лобня, Промышленная улица, 8",3A395254249a32690c454317cd5929a2c5c2c6ed0ecaf0788d25bff3301c531d8e,"Промышленная улица, 8"
volokolamsk,Волоколамск,в Волоколамске,по Волоколамску,Волоколамска,"Волоколамск, улица Панфилова, 28",3A413cea07d6ec6759aaca0db06e74f7af9c5950dfeefaeeba237790edc1b3c2fe,"улица Панфилова, 28"
dubna,Дубна,в Дубне,по Дубне,Дубны,"Дубна, проспект Боголюбова, 26",3A816d66fee42bddf14f0c5373a18f58826fbd4a934a455261f40e6ea985e6a11c,"проспект Боголюбова, 26"
pavlovskij-posad,Павловский Посад,в Павловском Посаде,по Павловскому Посаду,Павловского Посада,"Павловский Посад, улица Кирова, д. 5",3A72a797b767ba4cac640422e6293642e7331e11dea35e5797b38c6e25d770c5fd,"улица Кирова, д. 5"
kashira,Кашира,в Кашире,по Кашире,Каширы,"Кашира, Садовая улица, д. 32",3A6574a4ccd233abf4362771806564741345a819a4b6224167da35b5b6b1169ad6,"Садовая улица, д. 32"
lytkarino,Лыткарино,в Лыткарино,по Лыткарино,Лыткарино,"Лыткарино, Парковая улица, д. 2",3Af0e18e621f2a35296a3b9a8b160e307186e5ba291e3652cb6cf202e453dfce9f,"Парковая улица, д. 2"
luhovicy,Луховицы,в Луховицах,по Луховицам,Луховиц,"Луховицы, улица Жуковского, 20",3A04ad3bad82a00bb07a7802fa08a12f1c10dd7c01d6e301f31301edcb052a54a1,"улица Жуковского, 20"
shatura,Шатура,в Шатуре,по Шатуре,Шатуры,"Шатура, проспект Ильича, д. 34",3A86e9b6a5dbd4f466d53ac3dae59be0df9cdfbf9b96418713947c3b93d021bbb6,"проспект Ильича, д. 34"
fryazino,Фрязино,в Фрязино,по Фрязино,Фрязино,"Фрязино, улица Советская, д. 1В",3A29cf33dd66c52fc9094aa5474aa2b8cd50e5079e699b7324ade4881998dda049,"улица Советская, д. 1В"
dzerzhinskij,Дзержинский,в Дзержинском,по Дзержинскому,Дзержинского,"Дзержинский, Лесная улица, 1",3A7699f50216d8fd714d4ff346512fcff59690527ac31b2a4c578bde497bb5217c,"Лесная улица, 1"
zarajsk,Зарайск,в Зарайске,по Зарайску,Зарайска,"Зарайск, улица Мерецкова, д. 23",3Aab1bf3c8c11d05edb3bb7e5fd6f2fa2fe4ba469b08815edabc615563e0305ee9,"улица Мерецкова, д. 23"
krasnoznamensk,Краснознаменск,в Краснознаменске,по Краснознаменску,Краснознаменска,"Краснознаменск, улица Краснознамённая, 23А",3A79eca6be48c970bd01016a3b71538d18c43f37d76232cf1b64f5946f82739920,"улица Краснознамённая, 23А"
ruza,Руза,в Рузе,по Рузе,Рузы,"Руза, Красная улица, д. 59",3Af5d45f1116ed35df14da16b3fb2f73ed19b26c23561b3dd2feb6e92ffe618d11,"Красная улица, д. 59"
chernogolovka,Черноголовка,в Черноголовке,по Черноголовке,Черноголовки,"Черноголовка, б-р Школьный, 10",3A12799f413c8b5835d0e04516ad494aa5a12d4c83f3c771878bb189730ba43a90,"б-р Школьный, 10"
bronnicy,Бронницы,в Бронницах,по Бронницам,Бронниц,"Бронницы, улица Советская, 116А",3A949d7d632f2e0e9c29b9bdd05f7c1fa07064e0ebb89f2d79d0b56d5ac769ddc1,"улица Советская, 116А"
losino-petrovskij,Лосино-Петровский,в Лосино-Петровске,по Лосино-Петровску,Лосино-Петровска,"Лосино-Петровский, улица Кирова, 6А",3A76630b294797245847fe16dc24a039a254761567b176e42b610ea09e645db970,"улица Кирова, 6А"
kotelniki,Котельники,в Котельниках,по Котельникам,Котельников,"Котельники, Коммерческий проезд, 3с3",3Ae1ae95c52f6f80368f1ee873f8b8521e6c75a9773a3b728f87b282768c0a2c4e,"Коммерческий проезд, 3с3"
taldom,Талдом,в Талдоме,по Талдому,Талдома,"Талдом, улица 8 Марта, д. 6",3A297e9fd07376bf703a0e9b5c2eed7c3c5263e966ef3d4b63525ea8d66bc4e8c6,"улица 8 Марта, д. 6"
shahovskaya,Шаховская,в Шаховской,по Шаховской,Шаховской,"Шаховская, 1-я Советская улица, 26А",3Aa4b5bc2985f4c2d2f741a0755fa3b9a1fe82b8a9eec80876b26dda60950e0db2,"1-я Советская улица, 26А"
vlasiha,Власиха,в Власихе,по Власихе,Власихи,"Власиха, Цветной бульвар, 16",3A7028eb4363393535b62dd56b3c16ac247288d1812ff655494829f8562fc1c76f,"Цветной бульвар, 16"
serebryanye-prudy,Серебряные Пруды,в Серебряных Прудах,по Серебряным Прудам,Серебряных Прудов,"Серебряные Пруды, улица 50 лет ВЛКСМ, д. 15А",3Afc6edae36950228e3d6cba047c9a5b254fcee3b83d634e39d98ad6e48e5c5f6d,"улица 50 лет ВЛКСМ, д. 15А"
lotoshino,Лотошино,в Лотошино,по Лотошино,Лотошино,"Лотошино, Сушзаводская улица, 11",3A8fed9ce6f6123135e8b8b924c8d1e4be4ea96fac467e47b25b82b773a2c6db87,"Сушзаводская улица, 11"
konakovo,Конаково,в Конаково,по Конаково,Конаково,"Конаково, улица Район Завода, 13",3A34ccb1f825519d05c533a04abd46e77addb7c3d13f0cdbf09129a954fb95f32a,"улица Район Завода, 13"
kolchugino,Кольчугино,в Кольчугино,по Кольчугино,Кольчугино,"Кольчугино, улица 50 лет Октября, 9",3Aa6691989338e54a144eba7b98e6c0e3bd62e473a652c6fbe8eecef0d45e57fa0,"улица 50 лет Октября, 9"
kirzhach,Киржач,в Киржаче,по Киржачу,Киржача,"Киржач, Морозовская улица, 95",3A5c8c124a900d1985bb54abb8c16c820b03d447c43948e4c99e4a6d722dd6c036,"Морозовская улица, 95"
ozyory,Озёры,в Озёрах,по Озёрам,Озёр,"Озёры, улица Ленина, 53А",3A9b6897aedd1ca3c69d0a6b6f3dfc0341f5fbf74008f67e0d425cd3fd7edb2ec7,"улица Ленина, 53А"
pushchino,Пущино,в Пущино,по Пущино,Пущино,"Пущино, проспект Науки, 5",3A2cc97c30d0dc27414f7d1034ea979e8ace9eb7c0112140e4642b2d20506d88b5,"проспект Науки, 5"
kubinka,Кубинка,в Кубинке,по Кубинке,Кубинки,"Кубинка, улица Ленина, 1",3A34907422cf1d760d7b55b47f65580e983991328f3cb0fcd2bde2250ce562480c,"улица Ленина, 1"
kimry,Кимры,в Кимрах,по Кимрам,Кимров,"Кимры, улица Урицкого, 64",3A1b8924fec9d5d5a5d4934ed18cf27e9fa8c668b3b1c7c9e25bafedf0730b0bd4,"улица Урицкого, 64"
zelenograd,Зеленоград,в Зеленограде,по Зеленограду,Зеленограда,"Зеленоград, к426Ас1",3Ab8ea324b8b0d13273ae2699784d9548480cefe997dd61830f074f98389ac4494,к426Ас1
obninsk,Обнинск,в Обнинске,по Обнинску,Обнинска,"Обнинск, улица Аксенова, 17",3Af131d41bcc057c6d8c396be1df68688a86e0fb8ccef71bf445130397894eac3b,"улица Аксенова, 17"
ermolino,Ермолино,в Ермолино,по Ермолино,Ермолино,"Ермолино, площадь Ленина, 3",3A6a05826913ff4214817a3078a639468100a63011b1cfc9bca55e5e546098d20e,"площадь Ленина, 3"
tuchkovo,Тучково,в Тучково,по Тучково,Тучково,"Тучково, улица Кирова, 1",3A9bb5a54ac96a6d109854012f5671ef17cc71b4e4868489c6cfa6c01e8e5cab1c,"улица Кирова, 1"
zvenigorod,Звенигород,в Звенигороде,по Звенигороду,Звенигорода,"Звенигород, улица Московская, 29",3Affce2a4e75609435e189ce3763968d5308136b872c38e7493b437217b2c0df83,"улица Московская, 29"
ivanteevka,Ивантеевка,в Ивантеевке,по Ивантеевке,Ивантеевки,"Ивантеевка, улица Дзержинского, 21/2",3A9dd62125be30bf067345ad8f3f7fd4931ef76119bf21ccabcf98cf6352a95a38,"улица Дзержинского, 21/2"
elektrougli,Электроугли,в Электроуглях,по Электроуглям,Электроуглей,"Электроугли, улица Школьная, 23",3Ab082015b35a94ce12fcbbf33a9e3ad89fdfe8537b999b9d86a82d80d5f75a223,"улица Школьная, 23"
zheleznodorozhnyj,Железнодорожный,в Железнодорожном,по Железнодорожному,Железнодорожного,"Железнодорожный, улица Пионерская, 29, стр. 2",3A78b72d2c973ded98973fe75a4d5b092ecac3bdddd3481342dfeb5cef9560c013,"улица Пионерская, 29, стр. 2"
shcherbinka,Щербинка,в Щербинке,по Щербинке,Щербинки,"Щербинка, Бутовский тупик, дом 14",3A29e2a936371da26bcf08db41bfecc91174569c9b2331764fd06609023dd09317,"Бутовский тупик, дом 14"
troick,Троицк,в Троицке,по Троицку,Троицка,"Троицк, улица Городская, дом 2",3A8da223e5bc0210818cc69b1149fc13ffe26f651514ca8ea7e48a50a013e0695c,"улица Городская, дом 2"
klimovsk,Климовск,в Климовске,по Климовску,Климовска,"Климовск, улица Симферопольская, дом 35",3A82ecb164abf71923975af99b24d03d18579a1d9ef15f7beda123cddf5a4dc9ba,"улица Симферопольская, дом 35"
aprelevka,Апрелевка,в Апрелевке,по Апрелевке,Апрелевки,"Апрелевка, улица Августовская, 14",3A93ea824f2d5458f1510d761d00f5af898681f66aa8ce910ad77303874434ea62,"улица Августовская, 14"
golicyno,Голицыно,в Голицыно,по Голицыно,Голицыно,"Голицыно, улица Советская, 1Б",3Aadcb4b4623bc58a308d902abeb7c5763b259e7b46d4cf410624ebc55d19779c7,"улица Советская, 1Б"
nahabino,Нахабино,в Нахабино,по Нахабино,Нахабино,"Нахабино, Институтская улица, дом 17",3A74563f05d4e5c976e840caeb3d614568667b59729bcf78e0b4733e02cb0f759c,"Институтская улица, дом 17"
skhodnya,Сходня,в Сходне,по Сходне,Сходни,"Сходня, 3-й Мичуринский тупик, 5",3A57b0c33e5cc969e12900fc2a2438cc6861386360c791fbabfc84b94d522399fa,"3-й Мичуринский тупик, 5"
selyatino,Селятино,в Селятино,по Селятино,Селятино,"Селятино, Спортивная улица, дом 2А",3Aed5b0a1ff0f81624c54a3664d0c6206b690f1bf0b0854d6c11b12db4cea0b1f5,"Спортивная улица, дом 2А"
vereya,Верея,в Верее,по Верее,Вереи,"Верея, Кировская улица, 8",3Afbdf40426db31136bd5b9132506b3abd5a9e299532ec6a2b2e1414aa735d42e3,"Кировская улица, 8"
kurovskoe,Куровское,в Куровском,по Куровскому,Куровского,"Куровское, улица Советская, дом 125",3A7d789c0fdbda8ddbcce08bb97a59a29b77e369140ced0b0a4da17e9c60317159,"улица Советская, дом 125"
likino-dulyovo,Ликино-Дулёво,в Ликино-Дулёво,по Ликино-Дулёво,Ликино-Дулёво,"Ликино-Дулёво, улица Ленина, 4/1",3A0dcb16d4c71ba7a4067af39fed9ff85357582168e6772844a581ee8f0e125070,"улица Ленина, 4/1"
elektrogorsk,Электрогорск,в Электрогорске,по Электрогорску,Электрогорска,"Электрогорск, улица М. Горького, 3А",3A093878fb0a5e9fd8e96ca28a4eb36b0b1df1665edecd7746b6ab9e8bf511f890,"улица М. Горького, 3А"
sankt-peterburg,Санкт-Петербург,в В Санкт-Петербурге,по По Санкт-Петербургу,Санкт-Петербурга,"Санкт-Петербург, улица Большая Разночинная, 16​",3Aab779e7aaa68549b6297b096741eb5beefc200fc99648500a19594284e08be28,"улица Большая Разночинная, 16​"
volosovo,Волосово,в Волосово,по Волосово,Волосово,"Волосово, проспект Вингиссара, 19А",3Af849bea5062263f3602393f1d5012ab5c1b0e8ec72663be8c40c6918e0bf7597,"проспект Вингиссара, 19А"
volkhov,Волхов,в Волхове,по Волхову,Волхова,"Волхов, улица Советская, 19",3A80e1297220f83b7495f891593c8233c60bb6441c75fd06c06172c65b35d37f12,"улица Советская, 19"
vsevolozhsk,Всеволожск,в Всеволожске,по Всеволожску,Всеволожска,"Всеволожск, улица Малиновского, 6.",3A89c2fbc7aaf85e01fc0883edf4e7ad68d09d96a6be4c1daf9bae33015af42355,"улица Малиновского, 6."
vyborg,Выборг,в Выборге,по Выборгу,Выборга,"Выборг, проспект Московский, 22",3Aa9c38b97a979427d391590b8d6b773f36bc703a8ac9a13a626f39ecee03a08aa,"проспект Московский, 22"
gatchina,Гатчина,в Гатчине,по Гатчине,Гатчины,"Гатчина, проспект 25 Октября, 42",3Aa2b4a06f5b5201828706eab497b32fd9c81cff470a12a2849472c698aeb0cd5d,"проспект 25 Октября, 42"
kingisepp,Кингисепп,в Кингисеппе,по Кингисеппу,Кингисеппа,"Кингисепп, Большая Советская улица, 28",3Aed42db6d1dee85a764784f436e004c00266939d9ad62bc456d25083aea5e636b,"Большая Советская улица, 28"
kirishi,Кириши,в Киришах,по Киришам,Киришей,"Кириши, улица Романтиков, 4",3Ac5bbb7efc4e77d9083729dce2e1eca154a3ecba308eab6fe67469a5d66e408c3,"улица Романтиков, 4"
kirovsk,Кировск,в Кировске,по Кировску,Кировска,"Кировск, улица Набережная, 11",3A10c3c848b6808dcb76ccdcd0c1f593107d7ab3d5bfee5dfdc3cf8042cd87157b,"улица Набережная, 11"
kolpino,Колпино,в Колпино,по Колпино,Колпино,"Колпино, улица Октябрьская, 8",3Ac9d4803f00657b59bd2c2ccb5039eb8e075d9c4b3af0585894d78c2ac0c279cc,"улица Октябрьская, 8"
kronshtadt,Кронштадт,в Кронштадте,по Кронштадту,Кронштадта,"Кронштадт, проспект Ленина, 13",3Aec3c85ea132e730d6308b6d7c641d2ca439ce0130f4a6fcf579bc8d0b6783435,"проспект Ленина, 13"
lomonosov,Ломоносов,в Ломоносове,по Ломоносову,Ломоносова,"Ломоносов, Кронштадтская улица, 4, лит. А",3Af3f769ffd9827e268f02d4add336e158440a7cfd11a9f3db28d09419ac57a138,"Кронштадтская улица, 4, лит. А"
luga,Луга,в Луге,по Луге,Луги,"Луга, проспект Урицкого, 77, корп. 3",3A5b5880fa8949639ab8fb8fc04607208a2177406516ee5c953179c120a2ce77db,"проспект Урицкого, 77, корп. 3"
murino,Мурино,в Мурино,по Мурино,Мурино,"Мурино, улица Шувалова, 8",3A151f339d671dd9e1bf582272f93a9f1b59edf020b80b9ad7f61f3975db06538b,"улица Шувалова, 8"
pushkin,Пушкин,в Пушкине,по Пушкину,Пушкина,"Пушкин, улица Полковая, 1, корп. 25",3Aafab63803db9f973ecee513bf94682d7724cef9e4ce616091733fa026b378f0e,"улица Полковая, 1, корп. 25"
sestroreczk,Сестрорецк,в Сестрорецке,по Сестрорецку,Сестрорецка,"Сестрорецк, Приморское шоссе, 268А",3A01012c387475136c4f934f125fc4123492238e981adaadf962112eef8f6a91cd,"Приморское шоссе, 268А"
tikhvin,Тихвин,в Тихвине,по Тихвину,Тихвина,"Тихвин, улица Карла Маркса, 50",3A66943dea5434cce085199f84c667e6afd310569760c333e9719b1609d2802da0,"улица Карла Маркса, 50"
toksovo,Токсово,в Токсово,по Токсово,Токсово,"Токсово, Привокзальная улица, 16",3A9c0b25f4d10e87422077c910c2ec5c628d3001539becfee2339bba45f30f3db1,"Привокзальная улица, 16"
tosno,Тосно,в Тосно,по Тосно,Тосно,"Тосно, улица Боярова, 4А",3Afbe1fb7dca7248649c0028023f44e4f989eba360b5b9dda3a2207a4f800d6862,"улица Боярова, 4А"
krasnodar,Краснодар,в Краснодаре,по Краснодару,Краснодара,"Краснодар, улица Красная, 176",3Adee437cd8b4b50b090d91f97a43637eae672fb39e6b9b43191fd0db502c18d8c,"улица Красная, 176"
anapa,Анапа,в Анапе,по Анапе,Анапы,"Анапа, Анапское шоссе, 1В",3Af4a2e063cfad1c8621e596303b1ffa24c5994faa52f0c7baf85c0792f038efc2,"Анапское шоссе, 1В"
sochi,Сочи,в Сочи,по Сочи,Сочи,"Сочи, улица Московская, 22",3Ad915bf299a9672945733f27c9834344862025a9033826032eba6909585ca2da6,"улица Московская, 22"
novorossiysk,Новороссийск,в Новороссийске,по Новороссийску,Новороссийска,"Новороссийск, проспект Дзержинского, 211",3A726d0e3f3e56ca527d0cff99d94b944e37c6be6cab5ad56cf94ae7c5e97951d7,"проспект Дзержинского, 211"
labinsk,Лабинск,в Лабинске,по Лабинску,Лабинска,"Лабинск, улица Мира, 194​",3A6ce3c1e16fa965861a39615b6e1075e77b0c20de38afd3db19f99a29499a8919,"улица Мира, 194​"
krymsk,Крымск,в Крымске,по Крымску,Крымска,"Крымск, улица Ленина, 2",3A45f1025519bfe096bdfa709497f0df2b734f34106c2c914401d96c3b829fc52d,"улица Ленина, 2"
gelendzhik,Геленджик,в Геленджике,по Геленджику,Геленджика,"Геленджик, Геленджикский проспект, 165А",3Adb00b44237e9294758c63c581706f35290d8b3da3d70d73c656ae5759968c7d8,"Геленджикский проспект, 165А"
maykop,Майкоп,в Майкопе,по Майкопу,Майкопа,"Майкоп, улица Гоголя, 28",3Acaadf9ca12d9b777077dddc8c048ccbce9b082f0fe9c79994a8a8ef330fffdb2,"улица Гоголя, 28"
armavir,Армавир,в Армавире,по Армавиру,Армавира,"Армавир, улица Мира, 48",3A2bda75d32e4958be3fa6fd6c780c5d5d971f0bbb43b18fd4f92b8969f115cf64,"улица Мира, 48"
belorechensk,Белореченск,в Белореченске,по Белореченску,Белореченска,"Белореченск, улица Интернациональная, 103",3A0bf10e1d3e0966be7cf78ce98cd1039fe2eed5ce5bce46de783cf6df5ed60248,"улица Интернациональная, 103"
eysk,Ейск,в Ейске,по Ейску,Ейска,"Ейск, улица Энгельса, 31",3A01f719ced093f0c09fc242224d6461da8d516d89ff630d23abaf23b8ef2ea623,"улица Энгельса, 31"
slavyansk-na-kubani,Славянск на Кубани,в Славянске на Кубани,по Славянску на Кубани,Славянска на Кубани,"Славянск на Кубани, улица Красная, 40",3Aa189aaafda5c4f50dd1716d44d631f43d05f601fe7034b570c64f7add92c27ac,"улица Красная, 40"
timashevsk,Тимашевск,в Тимашевске,по Тимашевску,Тимашевска,"Тимашевск, улица Ленина, 73",3A973dc04e0d1eaadcf526fc59db31b5410701f94a750238eb34ea9400e338ea6f,"улица Ленина, 73"
temryuk,Темрюк,в Темрюке,по Темрюку,Темрюка,"Темрюк, улица Калинина, 23/1",3A65ad35f9579bfba38b5a5bb950bd90731e9243ba5f8d7fc9b1bca593d3483ba1,"улица Калинина, 23/1"
goryachiy-klyuch,Горячий Ключ,в Горячем Ключе,по Горячему Ключу,Горячего Ключа,"Горячий Ключ, улица Ленина, 190",3Abebc90cf98666bad2b729005ff2fbda8340990571136f5e6fec108b48955180c,"улица Ленина, 190"
tuapse,Туапсе,в Туапсе,по Туапсе,Туапсе,"Туапсе, улица Гагарина, 9, корпус Б",3Aadd9eecbb26bc78c909a59084a4ebb3844d75fb035c9de7bde7b6812632a7200,"улица Гагарина, 9, корпус Б"
afipsky,Афипский,в Афипском,по Афипскому,Афипского,"Афипский, улица Пушкина, 124Б​",3A7e89778eec5d80dd93c19029312041596855e8db9dcfd9b6f27320fb560645ec,"улица Пушкина, 124Б​"
korenovsk,Кореновск,в Кореновске,по Кореновску,Кореновска,"Кореновск, улица Красная, 106А",3Ab9032516fc091a87fd7c630c6d37b94fcb8f3cf9e6d439cd1457e89592e649fd,"улица Красная, 106А"
kropotkin,Кропоткин,в Кропоткине,по Кропоткину,Кропоткина,"Кропоткин, улица Красная, 123",3A67e1e13bef2b313261a5d6335b27f34386db97208d898384440ac7c6253b4141,"улица Красная, 123"
abinsk,Абинск,в Абинске,по Абинску,Абинска,"Абинск, улица Колхозная, 41",3Ab2c67d0a1769fa1a1a7570acc9bf780553725457b4c14c334d4b705a4b2aa4cb,"улица Колхозная, 41"
kurganinsk,Курганинск,в Курганинске,по Курганинску,Курганинска,"Курганинск, улица Ленина, 31",3A7b2646c138ced168065924d42503828d9c254ebc5a37a9ceebe2177c81cd27dc,"улица Ленина, 31"
ust-labinsk,Усть-Лабинск,в Усть-Лабинске,по Усть-Лабинску,Усть-Лабинска,"Усть-Лабинск, улица Пролетарская, 45",3A701a87f42c81d515a20ab24f3634630dafef924586fc337a4e79dd5c0833b637,"улица Пролетарская, 45"
apsheronsk,Апшеронск,в Апшеронске,по Апшеронску,Апшеронска,"Апшеронск, улица Партизанская, 1Г",3Aa44459b13e73f17e0a22e90e389cedc5b997ce0ee498510f273c358178300041,"улица Партизанская, 1Г"
stanitsa-severskaya,станица Северская,в станице Северской,по станице Северской,станицы Северской,"станица Северская, улица Советская, 1А",3Aab1284e7e37f2e083b3750af449d5df7377c89c837513b0c2143f8994392b72d,"улица Советская, 1А"
pskov,Псков,в Пскове,по Пскову,Пскова,"Псков, улица Коммунальная, 41",3A7e75435d43e128425a797bfe2d8db37eda40a0503d83496a2bd4ae6c60d24838,"улица Коммунальная, 41"
velikie-luki,Великие Луки,в Великих Луках,по Великим Лукам,Великих Лук,"Великие Луки, проспект Ленина, 51​",3Afe73a3b63bc3d8af0b7ba277292306788fe24261c5bcec7522f9b4ac52cb9d4a,"проспект Ленина, 51​"
velikij-novgorod,Великий Новгород,в Великом Новгороде,по Великому Новгороду,Великого Новгорода,"Великий Новгород, улица Большая Санкт-Петербургская, 130",3A9ec781034d946e8fe19b9b3125020712bdb14345583708bb80e124e9fb529dcf,"улица Большая Санкт-Петербургская, 130"
borovichi,Боровичи,в Боровичах,по Боровичам,Боровичей,"Боровичи, улица Подбельского, 17",3Adfec9e96c3dd6ab9d7757733c7e195051cf3e9053c5c0b303fc3980876bb6389,"улица Подбельского, 17"
petrozavodsk,Петрозаводск,в Петрозаводске,по Петрозаводску,Петрозаводска,"Петрозаводск, проспект Ленина, 14",3A0ed48072a28a1ea20022bbd079e0cb7d5308332753ce00792acebc43d41df8f8,"проспект Ленина, 14"
murmansk,Мурманск,в Мурманске,по Мурманску,Мурманска,"Мурманск, проспект Героев-Североморцев, 33А",3Ab9207a4ccd2b29a6e7a45104537b9f96fccf5e5d9bc0ccb76b464511e6b2717c,"проспект Героев-Североморцев, 33А"
apatity,Апатиты,в Апатитах,по Апатитам,Апатитов,"Апатиты, улица Дзержинского, 37",3Aa387e9ae2fdef30fa7434a2cf4d75f998a57c5e64343fee21ac4f19f4e079636,"улица Дзержинского, 37"
zapolyarnyj,Заполярный,в Заполярном,по Заполярному,Заполярного,"Заполярный, улица Бабикова, 14Б",3A3e3c075875d600d4497223a676e81a9348581d2e14a8a7e6aec7db4119b0a26c,"улица Бабикова, 14Б"
kandalaksha,Кандалакша,в Кандалакше,по Кандалакше,Кандалакши,"Кандалакша, улица Пронина, 24А",3A7698eb5a13b8b0b89590170ccde26b5c1a989ad35c01a0b288de0bfec768c5bc,"улица Пронина, 24А"
kirovsk,Кировск,в Кировске,по Кировску,Кировска,"Кировск, улица Олимпийская, 13",3Ac16fd44729466557b58913e69df7cd7050fbf40d6d117b6ff8aa42ff60972e98,"улица Олимпийская, 13"
kovdor,Ковдор,в Ковдоре,по Ковдору,Ковдора,"Ковдор, улица Кирова, 7/9",3A0ca91bb9010dbaf0f8eda415d3c641550e94d74f9eb975e6a6f575c483a5b975,"улица Кирова, 7/9"
monchegorsk,Мончегорск,в Мончегорске,по Мончегорску,Мончегорска,"Мончегорск, проспект Металлургов, 34А",3Ac0542d59f7b3351d3a78d5fd6be7ff677d786508eed8447bb66ab1e2a35f80e7,"проспект Металлургов, 34А"
olenegorsk,Оленегорск,в Оленегорске,по Оленегорску,Оленегорска,"Оленегорск, Ленинградский проспект, 5",3A5b8fd767d53ec8104dd1603103ce9adf2e42986dc545aa5eee213a675a501f44,"Ленинградский проспект, 5"
Nizhny-Novgorod,Нижний Новгород,в Нижнем Новгороде,по Нижнему Новгороду,Нижнего Новгорода,"Нижний Новгород, ш. Сормовское, 20А, корп. 1",3A4f2c0393a3fc1ddab5d0af7f38c51a0385bb70944a5cb52340ab19aee53a2e9f,"ш. Сормовское, 20А, корп. 1"
arzamas,Арзамас,в Арзамасе,по Арзамасу,Арзамаса,"Арзамас, пр-кт Ленина, 200Б",3Adbe265488e111bdb007e536ab2d2b79fb582e4374d43f04d3252bd2d0380f42a,"пр-кт Ленина, 200Б"
balakhna,Балахна,в Балахне,по Балахне,Балахни,"Балахна, пл. Советская, 30",3Ae333aaf5251fa967b35b4fbdda75e544a45b7715d20e522830b8a35705cac2ff,"пл. Советская, 30"
bor,Бор,в Боре,по Бору,Бора,"Бор, улица Пушкина, 102",3A5179aded4b114e08722fff5562e139b9f2041f1beeb369876388226d78499deb,"улица Пушкина, 102"
vyksa,Выкса,в Выксе,по Выксе,Выкса,"Выкса, улица Вознесенского, 25",3A3cd57430eeefbc07a455a7a7b977336e1c1d428c362e9f57cf69a01c99d34323,"улица Вознесенского, 25"
dzerzhinsk,Дзержинск,в Дзержинске,по Дзержинску,Дзержинска,"Дзержинск, ул. Бутлерова д.3",3A7c59a38fbcdc6b7b9b9da26941457b6b19e20c7d0645163cbf29ca4d7080a9f3,ул. Бутлерова д.3
novosibirsk,Новосибирск,в Новосибирске,по Новосибирску,Новосибирска,"Новосибирск, улица Гоголя, 15",3Ab42fb8c3c6682c44c0cc09a5b366fa93eaa2dae0be0e96753b493d3b680455b5,"улица Гоголя, 15"
berdsk,Бердск,в Бердске,по Бердску,Бердска,"Бердск, улица Ленина, 89",3A66544f7f75eac0ba08228a09acbfe27982646330f81e73e0b8e6064964cdee2a,"улица Ленина, 89"
iskitim,Искитим,в Искитиме,по Искитиму,Искитима,"Искитим, улица Юбилейный проспект, 2А",3A363cd3a88e971a80b01f9450c9c165387dece306dc6585455a2bbd1834fb7173,"улица Юбилейный проспект, 2А"
ob,Обь,в Оби,по Оби,Оби,"Обь, улица ЖКО Аэропорта, 30",3A9f9f18f49f08bf8c4febec660a28b7d1e87ed6344bc0cc6afb04733c08eac66a,"улица ЖКО Аэропорта, 30"
yekaterinburg,Екатеринбург,в Екатеринбурге,по Екатеринбургу,Екатеринбурга,"Екатеринбург, проспект Ленина, 70",3A896f04018f70eed82a26c228091d680b79dac19c53d9a79e1995bbbbde75ca82,"проспект Ленина, 70"
artyomovsky,Артёмовский,в Артёмовском,по Артёмовскому,Артёмовского,"Артёмовский, улица Ленина, 2Б",3A732fb9205dd970a03dd218284433671bd81a8ba2226eaf7b79273dbfb28301c9,"улица Ленина, 2Б"
beryozovsky,Берёзовский,в Берёзовском,по Берёзовскому,Берёзовского,"Берёзовский, улица Гагарина, 22",3Afc332d36df484e135c79010267f74ab069cf62b57dd4dcd0590df533542ed5a6,"улица Гагарина, 22"
verkhnyaya-pyshma,Верхняя Пышма,в Верхней Пышме,по Верхней Пышмы,Верхней Пышмы,"Верхняя Пышма, Успенский проспект, 111",3A6d9db1e063b47f79922d9554b16f49482cdd76f47760addd7ddf9d3a1537b1f3,"Успенский проспект, 111"
kamensk-uralsky,Каменск-Уральский,в Каменске-Уральском,по Каменску-Уральскому,Каменска-Уральского,"Каменск-Уральский, проспект Победы, 33А",3Add1136d1b8501dc27b6140bbc4331eb0b5bbdb4a64310f8910b3ff88beb683fc,"проспект Победы, 33А"
kushva,Кушва,в Кушве,по Кушве,Кушвы,"Кушва, улица Строителей, 9",3A069dd2120cdbb849c13df92913ebc93eafd97e793c7f2bdf7fb4c21e9eed056e,"улица Строителей, 9"
novouralsk,Новоуральск,в Новоуральске,по Новоуральску,Новоуральска,"Новоуральск, улица Корнилова, 6а",3A089bfba2591bd8110b0b8c247213b316a21f17f0f421a2bb6e82989af2f1d784,"улица Корнилова, 6а"
pervouralsk,Первоуральск,в Первоуральске,по Первоуральску,Первоуральска,"Первоуральск, проспект Ильича, 28в",3Abc63063373621063cdfc83f338cd648c1394e37412f7b67663e5abc8a04cfdf9,"проспект Ильича, 28в"
serov,Серов,в Серове,по Серову,Серова,"Серов, улица Ленина, 215",3A9c5189380f45500ecc83abef189836971ce5bfbe55ea883988a9526faac5e27d,"улица Ленина, 215"
tyumen,Тюмень,в Тюмени,по Тюмени,Тюмени,"Тюмень, улица Тимофея Чаркова, 60",3A9df97751f73c00868f7aebc8b219afc8b620a4199d35a1accf45ac72dd806a77,"улица Тимофея Чаркова, 60"
krasnoyarsk,Красноярск,в Красноярске,по Красноярску,Красноярска,"Красноярск, улица Партизана Железняка, 23",3Ae27f2932c5f10f346876a024b21bf0de447cf5c7dc7e90294e4e265029a3f444,"улица Партизана Железняка, 23"
achinsk,Ачинск,в Ачинске,по Ачинску,Ачинска,"Ачинск, улица Свердлова, 17",3Aa7e849ca9436c6366c5781532483e631cd57dd55be9fa5fce920914bc89b13dc,"улица Свердлова, 17"
zheleznogorsk,Железногорск,в Железногорске,по Железногорску,Железногорска,"Железногорск, улица Ленина, 50",3Abedac61f10d21f7f21bc0d5058d3b909f17e02e0bd3c8dc4bd8b15150b4ea6fe,"улица Ленина, 50"
kansk,Канск,в Канске,по Канску,Канска,"Канск, улица 40 лет Октября, 55",3A9faa3ae00f61967c6f7c4168e2bdce423e824fcdead52b958fc9831a3ad4550c,"улица 40 лет Октября, 55"
lesosibirsk,Лесосибирск,в Лесосибирске,по Лесосибирску,Лесосибирска,"Лесосибирск, улица Победы, 7",3A4133417ecb6d1929372ff353bf294656c6c05398674b198f691a7da1a8932dc5,"улица Победы, 7"
minusinsk,Минусинск,в Минусинске,по Минусинску,Минусинска,"Минусинск, улица Абаканская, 59",3A1d96fe20c85fed1c5898a379be210c1b9bea01aea1a6352c51e236c0cfde4b9d,"улица Абаканская, 59"
nazarovo,Назарово,в Назарово,по Назарово,Назарово,"Назарово, улица Арбузова, 83",3A1e62ab02183d11998aa0783eb0c0db8185488ed0cca2dbc62d2660ff84850014,"улица Арбузова, 83"
norilsk,Норильск,в Норильске,по Норильску,Норильска,"Норильск, улица Ленинский проспект, 33",3A4ebf7497140ea97f63d81437a7d015d6eb8acf9ab041c3a8175f6df513478c9b,"улица Ленинский проспект, 33"
sosnovoborsk,Сосновоборск,в Сосновоборске,по Сосновоборску,Сосновоборска,"Сосновоборск, улица Ленинского Комсомола, 35",3A929a0e51298e62acc80b55d011ca92e367b5e22679e4d24c537f9c18f46fb6bc,"улица Ленинского Комсомола, 35"
chelyabinsk,Челябинск,в Челябинске,по Челябинску,Челябинска,"Челябинск, улица Сталеваров, 5, корпус А",3Abb040e8e018d3f9eb75a78e05c513e5a6dfd02febd77b2aeb505f33d1fc43d3b,"улица Сталеваров, 5, корпус А"
zlatoust,Златоуст,в Златоусте,по Златоусту,Златоуста,"Златоуст, пр-кт Мира, 22",3A6304e25e05ee229097bd4d94a0975db3f2cbbe614e6acbead2f43e026faf94dd,"пр-кт Мира, 22"
kopeysk,Копейск,в Копейске,по Копейску,Копейска,"Копейск, пр-кт Славы, 8",3Add62156e3564785631be7de1760da2c481539b91167e978ea2d1ece7ca6a1abb,"пр-кт Славы, 8"
magnitogorsk,Магнитогорск,в Магнитогорске,по Магнитогорску,Магнитогорска,"Магнитогорск, пр-кт Карла Маркса, 172",3A444cde6bbed9aca3a1240353b9d500df364870a42463afc6d23f242f667bbbd2,"пр-кт Карла Маркса, 172"
miass,Миасс,в Миассе,по Миассу,Миасса,"Миасс, проспект Октября, 69А",3A5c43c937ba198f27497ed6a61742382410e694200dde6f532a926cd363a7317c,"проспект Октября, 69А"
samara,Самара,в Самаре,по Самаре,Самары,"Самара, улица Скляренко, 18",3Ae82e06e47c6b44fcf6919b9b73b1e6bc826a1930d3ffa9f3c11a862aa4053f5b,"улица Скляренко, 18"
tolyatti,Тольятти,в Тольятти,по Тольятти,Тольятти,"Тольятти, Ленинградская улица, 68В",3Abdd49205726cc5c95349b98b3cf33917d01fe3b5d8bdd00cbf71b4a1fa0b71fd,"Ленинградская улица, 68В"
syzran,Сызрань,в Сызрани,по Сызрани,Сызрани,"Сызрань, Базарная площадь, 8",3A822f6be25c9c864fefc82f7ea81f58a731eec643bcabd96b4ff2f6767e260a15,"Базарная площадь, 8"
novokuybyshevsk,Новокуйбышевск,в Новокуйбышевске,по Новокуйбышевску,Новокуйбышевска,"Новокуйбышевск, улица Суворова, 12Б",3A5bba5fb20835526d840214e632db22c17c5b220006bfe925483037e0edac7f08,"улица Суворова, 12Б"
rostov-na-donu,Ростов-на-Дону,в Ростове-на-Дону,по Ростову-на-Дону,Ростова-на-Дону,"Ростов-на-Дону, проспект Соколова, 51",3Aadc60b624c3fdc6184e0e1f9e81515044742b8276dee10294dbf837c69547d6a,"проспект Соколова, 51"
taganrog,Таганрог,в Таганроге,по Таганрогу,Таганрога,"Таганрог, улица Фрунзе, 45-1",3A939266bcddf04a999e5facb138b87c1aa7191640fa0746fc77740839b7422745,"улица Фрунзе, 45-1"
shakhty,Шахты,в Шахтах,по Шахтам,Шахт,"Шахты, проезд Микрорайон Горняк, 6",3A93208f13238c034add3c88f6074fb9f254b8effc9dd1004c63d0e74d44404e18,"проезд Микрорайон Горняк, 6"
novocherkassk,Новочеркасск,в Новочеркасске,по Новочеркасску,Новочеркасска,"Новочеркасск, улица Крылова, 8А",3A47a81c2093414de309bcb23ac0870593c8c5fa7824d6d59a6d4e8a3b0b4652ee,"улица Крылова, 8А"
volgodonsk,Волгодонск,в Волгодонске,по Волгодонску,Волгодонска,"Волгодонск, улица Гагарина, 21",3A7d7df9a9523cd04176a959bf248ccc9f93ac7a37293858a355b3a80e2671c454,"улица Гагарина, 21"
bataisk,Батайск,в Батайске,по Батайску,Батайска,"Батайск, улица Крупской, 5Б",3A73e9ad79cca02a1344dc94a87fe9ce847b4760066aab9dc5f581c49499911771,"улица Крупской, 5Б"
novoshakhtinsk,Новошахтинск,в Новошахтинске,по Новошахтинску,Новошахтинска,"Новошахтинск, улица Советской Конституции, 8",3A5ce0f66facb07059b793a949d9dc72f19cdf44fc5e29383e0a8a025f372524b0,"улица Советской Конституции, 8"
omsk,Омск,в Омске,"по ""Омску """,Омска,"Омск, 1-я Транспортная улица, 7/1",3A61afd1d1f5646b3149ab2460c21ebbf1f07949fb1602ae23e6ce163f47f705b6,"1-я Транспортная улица, 7/1"
kalachinsk,Калачинск,в Калачинске,по Калачинску,Калачинска,"Калачинск, Советская улица, 3",3A1cedd6e795a931d90f6d43a01dc1717740f358c96b74e908527c1d05dc50feef,"Советская улица, 3"
isilkul,Исилькуль,в Исилькуле,по Исилькулю,Исилькуля,"Исилькуль, Советская улица, 56",3A48015a6983aec7b66c3eb93d3af5cceafdc05be8c41faeb875d604e5dcc35c99,"Советская улица, 56"
nazyvaevsk,Называевск,в Называевске,по Называевску,Называевска,"Называевск, Депутатская улица, 49",3Ae17abc97821537ee281afe8fb1e2b56d1aa7ae2bf8b8f85cc9fb3fc1a63405fd,"Депутатская улица, 49"
tyukalinsk,Тюкалинск,в Тюкалинске,по Тюкалинску,Тюкалинска,"Тюкалинск, Первомайская улица, 1Б",3A38c74bada3a73cad7156e16520b7800a5c0850de7fe3c342f9a5e05b18e211cf,"Первомайская улица, 1Б"
voronezh,Воронеж,в Воронеже,по Воронежу,Воронежа,"Воронеж, улица Алексея Геращенко, 3",3A3b79629b5da14fc4b4ba7ff67c5c8c858bc10b45ff2bb352ed5a3a40d2a50cf3,"улица Алексея Геращенко, 3"
borisoglebsk,Борисоглебск,в Борисоглебске,по Борисоглебску,Борисоглебска,"Борисоглебск, улица Победы, 29Ж",3Abb05ae1583db94d04a763b2833c5d489bfe26b5e9b1c4777d6e220eec4a2554a,"улица Победы, 29Ж"
liski,Лиски,в Лисках,по Лискам,Лисок,"Лиски, улица Ломоносова, 46",3A5d53d5492d0620d9a2e63727363a06115c19ed747a3fd0d3a26fd42a8fe0cea8,"улица Ломоносова, 46"
rossosh,Россошь,в Россоши,по Россоши,Россоши,"Россошь, Пролетарская улица, 88",3A26e1f4abc04f9e5343919789fa1ec58a9a0e893e3d4b55a595685417df0db954,"Пролетарская улица, 88"
perm,Пермь,в Перьми,по Перьми,Перьми,"Пермь, Монастырская улица, 14Б",3Af1c4a04c470963465877650147a6308fdaf8773bc20e3a8e4e75354a6eff845d,"Монастырская улица, 14Б"
berezniki,Березники,в Березниках,по Березникам,Березников,"Березники, улица Челюскинцев, 12к5/1",3A5af3056712e303e3b0667f114a908ff64e339f85eea81a9ea0d98bc961ee8f18,"улица Челюскинцев, 12к5/1"
krasnokamsk,Краснокамск,в Краснокамске,по Краснокамску,Краснокамска,"Краснокамск, улица Орджоникидзе, 2Ак1",3Acc5768fec894b466ca5ff00c6f88ae53456acf19ebefd4e5980102abc2a748f1,"улица Орджоникидзе, 2Ак1"
kudymkar,Кудымкар,в Кудымкаре,по Кудымкару,Кудымкара,"Кудымкар, улица Лихачёва, 33",3A129386707fa813ebc72d35975e0db3822046bbb50fb5d41928a9c1f3d1a3e879,"улица Лихачёва, 33"
kungur,Кунгур,в Кунгуре,по Кунгуру,Кунгура,"Кунгур, Транспортная улица, 1Г",3A4076da4ef6ba82f6159f627f741432f9c3b5ff00453814cbfd5ec6379eea7d65,"Транспортная улица, 1Г"
lysva,Лысьва,в Лысьве,по Лысьве,Лысьвы,"Лысьва, Советская улица, 1",3A62cf4358b7d372dad62fecd29b6d76f6e8680b955d6756cf38b3f1bc6cea7efe,"Советская улица, 1"
solikamsk,Соликамск,в Соликамске,по Соликамску,Соликамска,"Соликамск, улица 20-летия Победы, 159",3Acb852db628b2e6cb3941c1e5a3988774000092344b1d7cb4d433e3092a9375d0,"улица 20-летия Победы, 159"
chaikovsky,Чайковский,в Чайковском,по Чайковскому,Чайковского,"Чайковский, улица Ленина, 61А",3A8053a537b330a637cea2876969940b2a1235fa85b3764beedbd3de300088a905,"улица Ленина, 61А"
chusovoy,Чусовой,в Чусовом,по Чусовому,Чусового,"Чусовой, улица Белинского, 8",3A0d423d01f9aa6b389a48c3ebcd0abaa1d9a0a00208a3efaa2b78651879981cc0,"улица Белинского, 8"
volgograd,Волгоград,в Волгограде,по Волгограду,Волгограда,"Волгоград, Вилянская улица, 13Ас3",3A38410c4f4fc0f275eaa554931b9247c690c4780657776f2b8d6e1aef83d4fc19,"Вилянская улица, 13Ас3"
volzhsky,Волжский,в Волжском,по Волжскому,Волжского,"Волжский, улица Александрова, 74",3A542fecbcf6e2fd6c223df5411e90751b641976e034274072c81b74886ea16bfb,"улица Александрова, 74"
kamyshin,Камышин,в Камышине,по Камышину,Камышина,"Камышин, Ангарская улица, 11",3A41b739cb22e2c74f480246a300d03256a5d26ccaeb4430d483d634c03464a2b8,"Ангарская улица, 11"
belgorod,Белгород,в Белгороде,по Белгороду,Белгорода,"Белгород, проспект Богдана Хмельницкого, 164",3A2d9fb491220ef10eca030291d67a4992fa565ac627ae5f842b69e441bb705c25,"проспект Богдана Хмельницкого, 164"
stary-oskol,Старый Оскол,в Старом Осколе,по Старому Осколу,Старого Оскола,"Старый Оскол, проспект Алексея Угарова, 6",3A1ef140f303b5ccc5918c793c5ef7f3213e54878495318958f4bfd8faa14d20c4,"проспект Алексея Угарова, 6"
bryansk,Брянск,в Брянске,по Брянску,Брянска,"Брянск, улица Красный Маяк, 98А",3Ac69c61ebb19ad864dd8c12f55b4c08b6b593512fedc945e00246f3534cd7777c,"улица Красный Маяк, 98А"
vladimir,Владимир,в Владимире,по Владимиру,Владимира,"Владимир, проспект Ленина, 46",3Ab75d2e4b00cf68dfa1631948ebe3358c272b8b2b68edc8864ba04123e101301e,"проспект Ленина, 46"
ivanovo,Иваново,в Иваново,по Иваново,Иваново,"Иваново, проспект Ленина, 57А",3Aece8b61ceaf56c2138751d98ca23f9443517c17dd201b9f6727f24900660205e,"проспект Ленина, 57А"
kaluga,Калуга,в Калуге,по Калуге,Калуги,"Калуга, улица Генерала Попова, 1Б",3A3954af6fcd6a3f370799537c75995710fb9b9881480a7648611aabe31817472e,"улица Генерала Попова, 1Б"
kostroma,Кострома,в Костроме,по Костроме,Костромы,"Кострома, улица Магистральная, 20",3A548620e7193b28d0162325de6f401e4ac4271f7ea6e449192220fefc8bd9ef9e,"улица Магистральная, 20"
kursk,Курск,в Курске,по Курску,Курска,"Курск, улица Карла Маркса, 59",3Ace2fda15530b2fc262518a0372297f7d73f275ee4003ccc60514e48395669613,"улица Карла Маркса, 59"
lipetsk,Липецк,в Липецке,по Липецку,Липецка,"Липецк, улица Советская, 66",3A9ac8a0288f864eeda6b9c20a62610e36284821b027cc7c7ea13d10db028d687e,"улица Советская, 66"
oryol,Орёл,в Орле,по Орлу,Орла,"Орёл, улица Герцена, 20",3A34491d77edcfea8fe530559e3b4f46b8ed95a09ae3f8c0d754d16ea734100cc5,"улица Герцена, 20"
ryazan,Рязань,в Рязани,по Рязани,Рязани,"Рязань, Первомайский проспект, 70",3A5b34790a95e0ce24be80a7f6979bcc856943ef6db0ed4e35442a494f2afe3bb6,"Первомайский проспект, 70"
smolensk,Смоленск,в Смоленске,по Смоленску,Смоленска,"Смоленск, Улица 25 Сентября, 35А",3A2d3763640aba5677342f8b48b599ddef2d86d51a9751b64ccbbcf3508a9f5a85,"Улица 25 Сентября, 35А"
tambov,Тамбов,в Тамбове,по Тамбову,Тамбова,"Тамбов, Улица Чичерина, 3",3A4647930fee22b1a498e885fbfd7bf7873759d7bed8bc8097b6ce884e377d3de3,"Улица Чичерина, 3"
tver,Тверь,в Твери,по Твери,Твери,"Тверь, Комсомольский проспект, 11",3A59d71de36e4e8f9def53884d38329f51d8822c5d7956e7f4b6914402f691cfbb,"Комсомольский проспект, 11"
tula,Тула,в Туле,по Туле,Тулы,"Тула, Красноармейский проспект, 26А",3Ab3dac315f052781efe5421e34191472b45d71dd7dab60aa7964127bd6baf3187,"Красноармейский проспект, 26А"
novomoskovsk,Новомосковск,в Новомосковске,по Новомосковску,Новомосковска,"Новомосковск, Улица Мира, 7В",3A1f66ca4e6efb4080a20ea534f356d2f54b169705e8144fecead87568995781f2,"Улица Мира, 7В"
yaroslavl,Ярославль,в Ярославле,по Ярославлю,Ярославля,"Ярославль, Тутаевское шоссе, 1",3A73e84f1e39715a194197b8891c29cb9f3a61f580397ae08ab9847c837be93b7b,"Тутаевское шоссе, 1"
arkhangelsk,Архангельск,в Архангельске,по Архангельску,Архангельска,"Архангельск, Московский проспект, 46",3A1de92e7b6c239ae2b0dace2b32c63f1767f706ad49bef1162fcfeb7337acd5e6,"Московский проспект, 46"
severodvinsk,Северодвинск,в Северодвинске,по Северодвинску,Северодвинска,"Северодвинск, Улица Ломоносова, 98А",3Acbea56ce4bd5725a7fa3f852e98b32317b7357c309df48951f24923d5635f5b2,"Улица Ломоносова, 98А"
vologda,Вологда,в Вологде,по Вологде,Вологды,"Вологда, Окружное шоссе, 12",3Ac12717ca88f66942c0b9011558572ea097377000d796ce13280f757e6c9359e7,"Окружное шоссе, 12"
cherepovets,Череповец,в Череповце,по Череповцу,Череповца,"Череповец, Проспект Победы, 93",3Ae93fc79247fddc28905be548817e989b18bafd5edc2941cbb474c44033bc799f,"Проспект Победы, 93"
kaliningrad,Калининград,в Калининграде,по Калининграду,Калининграда,"Калининград, Ленинский проспект, 30",3Ac7b8cf206341c57ecd942c29053cc8b23e2a65fcff2e73692716fe55080322a5,"Ленинский проспект, 30"
syktyvkar,Сыктывкар,в Сыктывкаре,по Сыктывкару,Сыктывкара,"Сыктывкар, Коммунистическая улица, 50",3Ad800bbe968a50a007ac24d9e8fab9abdf8f2938daaffcce0e9067634a1cc4736,"Коммунистическая улица, 50"
astrakhan,Астрахань,в Астрахани,по Астрахани,Астрахани,"Астрахань, Минусинская улица, 8",3Aad7835365d5d0e4b23312f414e925393e93ef5359dd672dbfe0d7a9a8a7bfd27,"Минусинская улица, 8"
stavropol,Ставрополь,в Ставрополе,по Ставрополю,Ставрополя,"Ставрополь, улица Доваторцев, дом 61",3A11cdae4b42428d5fb8c8a1f996c49edb397adf8cdfee9bd55500234abcb719b2,"улица Доваторцев, дом 61"
pyatigorsk,Пятигорск,в Пятигорске,по Пятигорску,Пятигорска,"Пятигорск, улица Адмиральского, дом 8Б",3Acaa2047a40bd41df5747198ce71436a258c7a29049b0917cad86c7d8b7da2b60,"улица Адмиральского, дом 8Б"
saratov,Саратов,в Саратове,по Саратову,Саратова,"Саратов, Политехническая улица, дом 75/2",3A069a2f52af9bea3ebccfa76bb2d5a58bf27f0824c6668a02472806396cd36e68,"Политехническая улица, дом 75/2"
engels,Энгельс,в Энгельсе,по Энгельсу,Энгельса,"Энгельс, улица Тельмана, 25",3A239ea00a6cf40a86ed5132d48930778f9ec1fb53297ee4286457abd2ed17c3f3,"улица Тельмана, 25"
balakovo,Балаково,в Балаково,по Балаково,Балаково,"Балаково, Октябрьская улица, дом 125",3Af6e559705952cfe48bc81de248a585b3e8c6e95558507327844c3de067527915,"Октябрьская улица, дом 125"
penza,Пенза,в Пензе,по Пензе,Пензы,"Пенза, улица Кирова, 73",3A7580c76af8d01f0eb28c59ca80728e482c25ef1f8a493e756082445f9e645bdc,"улица Кирова, 73"
ulyanovsk,Ульяновск,в Ульяновске,по Ульяновску,Ульяновска,"Ульяновск, Московское шоссе, 108",3Ad662a05d28369282d43465428517be273979c9487da5395ab23841d0ef44b084,"Московское шоссе, 108"
dimitrovgrad,Димитровград,в Димитровграде,по Димитровграду,Димитровграда,"Димитровград, Проспект Ленина, дом 35А",3Aecb4e3c49bf5ab4c94398982404477cd6beebd45a11e1961f15090c4c879cf1c,"Проспект Ленина, дом 35А"
orenburg,Оренбург,в Оренбурге,по Оренбургу,Оренбурга,"Оренбург, Ноябрьская улица, 47/1",3A24315a23cf8965a03fe085cdde30562dd24e0ff0c10b6121cc322d0c520fd91f,"Ноябрьская улица, 47/1"
orsk,Орск,в Орске,по Орску,Орска,"Орск, проспект Мира, д. 15Д",3A7b2178a8362409373ae956f6066cfd638ff3a087879e0f1aba2e04dec1905fd1,"проспект Мира, д. 15Д"
kurgan,Курган,в Кургане,по Кургану,Кургана,"Курган, улица Рихарда Зорге, д. 41",3Aca22948dc98fca0347929bcba243160f72a614058991bdfd01b1ca4c23cfe91f,"улица Рихарда Зорге, д. 41"
tomsk,Томск,в Томске,по Томску,Томска,"Томск, проспект Мира, 48, к. 3",3Aee8b9f0e9e0e4c1c41f2120160767aee6fe3e1dc3c2cdbf480faedc0b61f950f,"проспект Мира, 48, к. 3"
seversk,Северск,в Северске,по Северску,Северска,"Северск, улица Курчатова, 11А",3A579e721201abce3e9ff5f688cf54b72f7e536c55504af217e3b2dd0cc5f86eae,"улица Курчатова, 11А"
kemerovo,Кемерово,в Кемерово,по Кемерово,Кемерово,"Кемерово, проспект Кузнецкий, 33а",3Aa364cc72e69ec8a50713b31298450fffdb930fe25234ff6e0fdaaf71782a1de1,"проспект Кузнецкий, 33а"
novokuznetsk,Новокузнецк,в Новокузнецке,по Новокузнецку,Новокузнецка,"Новокузнецк, Проспект Авиаторов, дом 55",3Aa6d7ca000b0043978af74296ea12a275ddb1402e06cf9f3741f88543f3081a07,"Проспект Авиаторов, дом 55"
prokopyevsk,Прокопьевск,в Прокопьевске,по Прокопьевску,Прокопьевска,"Прокопьевск, Улица Гайдара, дом 41",3A794fec157936e983d077a34326455eea083cc0d80e2854fabb4692bc00a3b2bc,"Улица Гайдара, дом 41"
mezhdurechensk,Междуреченск,в Междуреченске,по Междуреченску,Междуреченска,"Междуреченск, улица Строителей, 46В",3A74476edc52688a4520fc59a6a02563eb1fc377e85b810e6d5adf8bff6e13b2b1,"улица Строителей, 46В"
irkutsk,Иркутск,в Иркутске,по Иркутску,Иркутска,"Иркутск, улица Александра Невского, 114",3A439cbd74a26089efc75ff57308bc7df4b48559eb191efa1fb62e81758b111906,"улица Александра Невского, 114"
bratsk,Братск,в Братске,по Братску,Братска,"Братск, улица Крупской, 9А",3A3688b0f7546688d293308152f5158b10b7007b67b65a36471c590e2ce1931989,"улица Крупской, 9А"
angarsk,Ангарск,в Ангарске,по Ангарску,Ангарска,"Ангарск, микрорайон 12А, 42",3Add330e4f92252d21f4fc94a2b12a93830b0f36ada7236b3fee8a1169be11723c,"микрорайон 12А, 42"
ust-ilimsk,Усть-Илимск,в Усть-Илимске,по Усть-Илимску,Усть-Илимска,"Усть-Илимск, проспект Мира, 41/1",3A68512662b35f1049aa3bcc8a4167645f8a1178956a4b3ba6b16428bc7386e033,"проспект Мира, 41/1"
ulan-ude,Улан-Удэ,в Улан-Удэ,по Улан-Удэ,Улан-Удэ,"Улан-Удэ, улица Балтахинова, 15",3Adcf740d9873c8162c5115a730e6d2bfa5903d21651f55a80a3a59dcea0553f2d,"улица Балтахинова, 15"
barnaul,Барнаул,в Барнауле,по Барнаулу,Барнаула,"Барнаул, проспект Ленина, 154",3A835058e097336f9a8f84d25288f609b8e7645693764d1570dbf71e33ad5db21e,"проспект Ленина, 154"
biysk,Бийск,в Бийске,по Бийску,Бийска,"Бийск, Советская улица, 205, корп. 2",3Aa20def5dd32b6d1f8f8b227729df3eb4b0aff350e8ad96260c763266a9a0126f,"Советская улица, 205, корп. 2"
rubtsovsk,Рубцовск,в Рубцовске,по Рубцовску,Рубцовска,"Рубцовск, улица Тракторная, 17",3A1af50272a3a83cde395d257b936ef6f15b8796e2c2bf80ca604107bb80f56fb3,"улица Тракторная, 17"
vladivostok,Владивосток,в Владивостоке,по Владивостоку,Владивостока,"Владивосток, улица Калинина, 275, корп. А",3A3df8be77cb4b9d75e90084ef3452bfd2a00a1c13ba0624be0a6b2041228c983a,"улица Калинина, 275, корп. А"
ussuriysk,Уссурийск,в Уссурийске,по Уссурийску,Уссурийска,"Уссурийск, улица Чичерина, 105",3A2622e6b50e4ddf709561b14872e7ac21475081cf473ace749c36e8312d5b244c,"улица Чичерина, 105"
nakhodka,Находка,в Находке,по Находке,Находки,"Находка, Спортивная улица, 2",3Af96f53bde206612915806c04cc71a328b570b7e97519e1247171563e9328e4e8,"Спортивная улица, 2"
khabarovsk,Хабаровск,в Хабаровске,по Хабаровску,Хабаровска,"Хабаровск, улица Профессора Даниловского, 6Б",3A14c6da45db290d112321aa42250c68d06ff603f34a5d115aa14db142bf98f615,"улица Профессора Даниловского, 6Б"
komsomolsk-on-amur,Комсомольск-на-Амуре,в Комсомольске-на-Амуре,по Комсомольску-на-Амуре,Комсомольска-на-Амуре,"Комсомольск-на-Амуре, Комсомольское шоссе, 5",3Aa82fd559e3843cfc3075a5a25eb8a9d48f5005fef09ca0c21397a46bd23e1023,"Комсомольское шоссе, 5"
blagoveshchensk,Благовещенск,в Благовещенске,по Благовещенску,Благовещенска,"Благовещенск, улица Островского, 56/2",3A15aa07171008d80de8ff9e31393c5c27ea1612f238b9f00fb14f53d7fd63f5ea,"улица Островского, 56/2"
birobidzhan,Биробиджан,в Биробиджане,по Биробиджану,Биробиджана,"Биробиджан, улица Шолом-Алейхема, 78А, корп. А",3Abfbedda5a19020a384e33bdfc504c6457b337b876d87f0333fc9607ace6598d1,"улица Шолом-Алейхема, 78А, корп. А"
yuzhno-sakhalinsk,Южно-Сахалинск,в Южно-Сахалинске,по Южно-Сахалинску,Южно-Сахалинска,"Южно-Сахалинск, улица Сахалинская, 89",3Ac1ceb6f1a032f51e5de2b5756dd05b8144ad38fdd73568d17a0185711838d018,"улица Сахалинская, 89"
yakutsk,Якутск,в Якутске,по Якутску,Якутска,"Якутск, улица Дзержинского, 71",3Ac0ebf805db331c7002e63f6be832c544431c08b760a0e0219dfd9bb7f7e313bc,"улица Дзержинского, 71"
belogorsk,Белогорск,в Белогорске,по Белогорску,Белогорска,"Белогорск улица Кирова, 306/2",3A7b6d030d18614ff494d1ab2a59568f7569d528e93226a528f2bacd250f3fc77b,"улица Кирова, 306/2"
svobodny,Свободный,в Свободном,по Свободному,Свободного,"Свободный, Шатковская улица, 125",3A9c3270e2d183b187b81113e4e0fecf57e16121b9f6e14b1cacce483e9b3caaeb,"Шатковская улица, 125"
kotlas,Котлас,в Котласе,по Котласу,Котласа,"Котлас, проспект Мира, дом 18",3A9455edeccf38eae4ef0e3397e55493ddb23ad13a99b6b7230e87f6d7a77c721a,"проспект Мира, дом 18"
akhtubinsk,Ахтубинск,в Ахтубинске,по Ахтубинску,Ахтубинска,"Ахтубинск, улица Нестерова, дом 5Б",3Ab976a8f024e3cab16b873bdf53763f727e2cfb1d245e6583eea9315ed285b600,"улица Нестерова, дом 5Б"
gubkin,Губкин,в Губкине,по Губкину,Губкина,"Губкин, улица Космонавтов, 14",3Aa6bd7ff7d92989052d5a4e9d011863212780dbf9470e9405fa488f39a626e0c3,"улица Космонавтов, 14"
shebekino,Шебекино,в Шебекино,по Шебекино,Шебекино,"Шебекино, переулок Рабочий, дом 2",3Adb83ed8dc9564f4052979fd6ab1d23677538ea2dc6fc589b9ffe997e81009d65,"переулок Рабочий, дом 2"
klintsy,Клинцы,в Клинцах,по Клинцам,Клинцов,"Клинцы, улица Дзержинского, дом 57",3A8ce98993c4853bc8769449fed57e5f69fb8a3288621807386d0e1f1bfa109d3b,"улица Дзержинского, дом 57"
novozybkov,Новозыбков,в Новозыбкове,по Новозыбкову,Новозыбкова,"Новозыбков, улица Первомайская, дом 13",3A99422d8d6f2a81743f8bf0633c433973be76c3244234fab4b418586a3cff997e,"улица Первомайская, дом 13"
kovrov,Ковров,в Коврове,по Коврову,Коврова,"Ковров, улица Строителей, дом 18А",3A07c5fbf7dfa2445a214999dc6358997e909f2b03e31f0a56d28abb72f962b9f7,"улица Строителей, дом 18А"
murom,Муром,в Муроме,по Мурому,Мурома,"Муром, улица Куликова, дом 7А",3A45c541a8a55f50bf3d938037f1dfce6cf3379f20be217f780a0f3643ade841bc,"улица Куликова, дом 7А"
aleksandrov,Александров,в Александрове,по Александрову,Александрова,"Александров, улица Ленина, дом 13",3Af9850e0b290e141170809531ac0ec386dc7dcce8f91bb26ab50decd7fe7566e7,"улица Ленина, дом 13"
gus-khrustalnyy,Гусь-Хрустальный,в Гусь-Хрустальном,по Гусь-Хрустальному,Гусь-Хрустального,"Гусь-Хрустальный, улица Революции, дом 4",3Aa13d14a06d349ea74999a9fead1754b29fa8cf387435e6b35e45d2f026141d15,"улица Революции, дом 4"
mikhaylovka,Михайловка,в Михайловке,по Михайловке,Михайловки,"Михайловка, Республиканская улица, дом 39",3A84638d65c16be2da1fba1ccac262fde7cb0bb1a49e1a36fa0f0306e5496edc52,"Республиканская улица, дом 39"
uryupinsk,Урюпинск,в Урюпинске,по Урюпинску,Урюпинска,"Урюпинск, улица Лизы Чайкиной, дом 2А",3A1a06746f5094ce9110ec0f717bdc95939d72f0c5dfddfe7b7c13d9dc5304a78b,"улица Лизы Чайкиной, дом 2А"
novovoronezh,Нововоронеж,в Нововоронеже,по Нововоронежу,Нововоронежа,"Нововоронеж, улица Космонавтов, дом 25А",3A4d8a3bbd1fdceb27cb4cf2b48ec89343f4ce1239ca8193cf0d8944f2187df3ca,"улица Космонавтов, дом 25А"
kineshma,Кинешма,в Кинешме,по Кинешме,Кинешмы,"Кинешма, улица имени М.Горького, дом 3",3A6a89938aaf4d62cf20040cc8421eac2714c0eb17e1eb2440c9313c475b1c3960,"улица имени М.Горького, дом 3"
shuya,Шуя,в Шуе,по Шуе,Шуи,"Шуя, улица Мартирия Соловьёва, дом 14",3A45803476e97e317e0ef598a5f78b2893fc53d9fe908bcc9a543bf85f2536be0c,"улица Мартирия Соловьёва, дом 14"
usolye-sibirskoe,Усолье-Сибирское,в Усолье-Сибирском,по Усолью-Сибирскому,Усолья-Сибирского,"Усолье-Сибирское, пр. Ленинский, д. 66",3A3d5a2a64361bc140ecb6d1a8e4a261a566db7eda336dd9719aca6908c11368c2,"пр. Ленинский, д. 66"
shelekhov,Шелехов,в Шелехове,по Шелехову,Шелехова,"Шелехов, квартал 6, дом 30",3A40584ca4fdd1a378675ae1bb7d1be6a6b3f81989344e72a44b0c5eca0fee0cd1,"квартал 6, дом 30"
sayansk,Саянск,в Саянске,по Саянску,Саянска,"Саянск, микрорайон Юбилейный, дом 20",3A2077763ec225b03ab52eaba515d808ec8abe3f2d632ed2320519426df21b99e2,"микрорайон Юбилейный, дом 20"
zima,Зима,в Зиме,по Зиме,Зимы,"Зима, улица Коммунистическая, дом 50",3Ade43ccf6ba367368ae479b0748b6498728e85da6171239f31d7f0056ba72397d,"улица Коммунистическая, дом 50"
nizhneudinsk,Нижнеудинск,в Нижнеудинске,по Нижнеудинску,Нижнеудинска,"Нижнеудинск, улица Масловского, дом 43",3A967ba2031ccd88a2b38796e3259814a8c6c66c3b0c0008d0cd82a5593ecac2db,"улица Масловского, дом 43"
tulun,Тулун,в Тулуне,по Тулуну,Тулуна,"Тулун, улица Ленина, дом 85",3A4ed4f28443b157b00ed87fc2c08cff6532bd26720648440783459f93543334fb,"улица Ленина, дом 85"
tayshet,Тайшет,в Тайшете,по Тайшету,Тайшета,"Тайшет, улица Гагарина, 90",3Aace5bb6c658be1fd43e6cdd818e57bc871802ac05176caf3caa20f142b32a026,"улица Гагарина, 90"
cheremkhovo,Черемхово,в Черемхово,по Черемхово,Черемхово,"Черемхово, улица Первомайская, дом 195",3A52b21bca8ca5a231eac7fc90e6265d02ded7a35eab3fa0ecf27b8d52281e3112,"улица Первомайская, дом 195"
sovetsk,Советск,в Советске,по Советску,Советска,"Советск, улица Революции, дом 1",3A9f181eadbe3191a533b9fc6acc31ae56229e631521e84d72f1ab37ef25bf7bb1,"улица Революции, дом 1"
maloyaroslavets,Малоярославец,в Малоярославце,по Малоярославцу,Малоярославца,"Малоярославец, улица Гагарина, дом 2А",3A3bdda43f3f4c01ee922440826c87cce782a3d655a92a088572b11aa1c29c556e,"улица Гагарина, дом 2А"
leninsk-kuznetsky,Ленинск-Кузнецкий,в Ленинске-Кузнецком,по Ленинску-Кузнецкому,Ленинска-Кузнецкого,"Ленинск-Кузнецкий, проспект Ленина, дом 15А",3A6ac055884db9b8fa0fd0baf798dc5fc4bcb06ea0a999682b28db3088397fd2fa,"проспект Ленина, дом 15А"
kiselevsk,Киселёвск,в Киселёвске,по Киселёвску,Киселёвска,"Киселёвск, улица Томская, дом 20",3A2caf021d3b245d244f5443d04b731e2d49102375f40f98135be572e5a3dea821,"улица Томская, дом 20"
yurga,Юрга,в Юрге,по Юрге,Юрги,"Юрга, проспект Победы, дом 10",3A67027ebca8de698019ed938a0aada96b24a57da427a211825b347e13bfecd675,"проспект Победы, дом 10"
belovo,Белово,в Белово,по Белово,Белово,"Белово, улица Ленина, дом 5",3Ac2b55ee11cef93047ad19fd6a5ffad0ae32d0a0bd718d256d518c392fcbd31e5,"улица Ленина, дом 5"
anzhero-sudzhensk,Анжеро-Судженск,в Анжеро-Судженске,по Анжеро-Судженску,Анжеро-Судженска,"Анжеро-Судженск, улица Ленина, дом 13А",3Abe0500a259ff25e713d9c6e6f210c016e8d46506cfef0a24e69f96e511a3569b,"улица Ленина, дом 13А"
osinniki,Осинники,в Осинниках,по Осинникам,Осинников,"Осинники, улица Ефимова, дом 2/1",3A1558254335fb6113ea66c97b4df4c84054f3715125b03ffae063608aa6a21828,"улица Ефимова, дом 2/1"
myski,Мыски,в Мысках,по Мыскам,Мысков,"Мыски, улица Ноградская, дом 2/1",3A5fa32ea56f43d0ec5b518523703ac573805392f80d01353b4d60ed83e25d34df,"улица Ноградская, дом 2/1"
kirov,Киров,в Кирове,по Кирову,Кирова,"Киров, улица Пролетарская, д. 15",3Af84c96c828c760163e99652d8b2b4dabb6936cc50fdec0f948fbf91ff1cf26fa,"улица Пролетарская, д. 15"
kirovo-chepetsk,Кирово-Чепецк,в Кирово-Чепецке,по Кирово-Чепецку,Кирово-Чепецка,"Кирово-Чепецк, проспект Россия, д. 34",3Ac174829c6469ecf96fe796a06698bcb5d1c4ff43d607e678c5b66eb92ddba9c0,"проспект Россия, д. 34"
slobodskoy,Слободской,в Слободском,по Слободскому,Слободского,"Слободской, улица Рождественская, д. 75",3A8d8ec1586f492b22d040a58726bc176fc67a58bf9979df519569fc41c36beda9,"улица Рождественская, д. 75"
vyatskiye-polyany,Вятские Поляны,в Вятских Полянах,по Вятским Полянам,Вятских Полян,"Вятские Поляны, улица Гагарина, д. 9А",3Af012d052eefeb9918fe77c4bd9aa3f1a909502552bbba679e6ff51c8371790f2,"улица Гагарина, д. 9А"
shadrinsk,Шадринск,в Шадринске,по Шадринску,Шадринска,"Шадринск, улица Комсомольская, д. 17",3Aa53306fad291fbacda0014b358abc3a77e1a624ef867a61fe308dcea00a62832,"улица Комсомольская, д. 17"
sosnovyy-bor,Сосновый Бор,в Сосновом Боре,по Сосновому Бору,Соснового Бора,"Сосновый Бор, улица Солнечная, д. 12",3A22b11939cdb2d37a318f77b9acce64d954d487eecce193ef0710693c8c80a0d6,"улица Солнечная, д. 12"
kudrovo,Кудрово,в Кудрово,по Кудрово,Кудрово,"Кудрово, Европейский проспект, д. 21",3A35d3093fce690593fc8ac7a9a68af61ac8891ede3cae2b9b207b2d4403e47c9e,"Европейский проспект, д. 21"
yelets,Елец,в Ельце,по Ельцу,Ельца,"Елец, улица Радиотехническая, д. 1",3A2907a1dddc195df28af0506ccafb2ab7b5688dd39dfbc32117a454d6fc4a0fcd,"улица Радиотехническая, д. 1"
gryazi,Грязи,в Грязях,по Грязям,Грязей,"Грязи, улица 30 лет Победы, д. 61А",3A46d5c8f234a3d2c890f488f3c6b45d1471c479f23c6cc8b5ef946d63020142e8,"улица 30 лет Победы, д. 61А"
magadan,Магадан,в Магадане,по Магадану,Магадана,"Магадан, улица Дзержинского, д. 19",3A0b9e49ee24f9d89a3da5743b6284e7e62ca2a7eca4189b25601b8c8366a37658,"улица Дзержинского, д. 19"
severomorsk,Североморск,в Североморске,по Североморску,Североморска,"Североморск, улица Советская, д. 22А",3A034d75211d9af042b88b48c32b5b7f9dd104695cfb2407e47c68d1cef284e165,"улица Советская, д. 22А"
sarov,Саров,в Сарове,по Сарову,Сарова,"Саров, улица Московская, д. 5/1",3A35190edc8841faa47249c027541e4d974fca5e94c9aa6ff67d2257c47c0584eb,"улица Московская, д. 5/1"
kstovo,Кстово,в Кстово,по Кстово,Кстово,"Кстово, площадь Ленина, д. 5А",3Ae361d0586274e746435dc1c5f7470398dec7c184386d5d545e9dde252066f599,"площадь Ленина, д. 5А"
pavlovo,Павлово,в Павлово,по Павлово,Павлово,"Павлово, улица Ленина, д. 1",3A4f17df950111355219183878937109660c9f730294c0c8645dcdab689ecfaf5f,"улица Ленина, д. 1"
staraya-russa,Старая Русса,в Старой Руссе,по Старой Руссе,Старой Руссы,"Старая Русса, Гостинодворская улица, д. 43",3A31e4c3a3a1ac890838f819eab7530fee38bd5fd4da86a9d2ba6b9b9f5706e878,"Гостинодворская улица, д. 43"
kuybyshev,Куйбышев,в уйбышеве,по Куйбышеву,Куйбышева,"Куйбышев, 10-й квартал, д. 5",3Ab8ba6314c919e91a358877fdd9215638ba08e6e12bc4ef6c2c702b452ee287a0,"10-й квартал, д. 5"
sol-ilets,Соль-Илецк,в Соль-Илецке,по Соль-Илецку,Соль-Илецка,"Соль-Илецк, Оренбургская улица, д. 14",3A4069d3c8d7932585e13b883e044edad59af64133ea7a151f953faa7e2945c70a,"Оренбургская улица, д. 14"
sorochinsk,Сорочинск,в Сорочинске,по Сорочинску,Сорочинска,"Сорочинск, улица Фурманова, д. 18",3Af946fe735a198a28ad6741005fa193e0d342cc4e57ce428403a24f986ea8b849,"улица Фурманова, д. 18"
novotrotsk,Новотроицк,в Новотроицке,по Новотроицку,Новотроицка,"Новотроицк, улица Советская, д. 81, стр. 17",3A913114ff84fb503ec906bff013ac2ae5ebbb93a6141bb8c1860297b97edbc739,"улица Советская, д. 81, стр. 17"
buguruslan,Бугуруслан,в Бугуруслане,по Бугуруслану,Бугуруслана,"Бугуруслан, Революционная улица, д. 41",3Ad99db2ada1aa60412041e08ce5fa78d576a923deba9286f62e135907d956847d,"Революционная улица, д. 41"
buzuluk,Бузулук,в Бузулуке,по Бузулуку,Бузулука,"Бузулук, улица Ленина, д. 53",3Aac30960a3cd3d0ec474a27d4263cdb2ad362673a2282e06924d81582591196ff,"улица Ленина, д. 53"
livny,Ливны,в Ливнах,по Ливнам,Ливнов,"Ливны, улица Октябрьская, д. 29-Б",3A1a842ec2f9709680c3958f0c7ddb73caee5bbe74687b5fecf9e1fa57b7a70989,"улица Октябрьская, д. 29-Б"
kuznetsk,Кузнецк,в Кузнецке,по Кузнецку,Кузнецка,"Кузнецк, улица Белинского, д. 82Б",3Ab1b1dbd58162581cf4a1ef8de0535b89de3fe814652ac6065e755c7d960085a1,"улица Белинского, д. 82Б"
zarechny,Заречный,в Заречном,по Заречному,Заречного,"Заречный, улица Светлая, д. 25А",3Aead7263cada91fb936c3dd6222549360ae25a1e3d7a925362154b99624a200e2,"улица Светлая, д. 25А"
azov,Азов,в Азове,по Азову,Азова,"Азов, улица Московская, д. 292Б",3A4ca181877cc6097632865ff1059a0139360defba8154551bb37314ff27e076c5,"улица Московская, д. 292Б"
gukovo,Гуково,в Гуково,по Гуково,Гуково,"Гуково, улица Комсомольская, д. 60Б",3A805c1b5b48dff35abbe7a4e1887e50379d8f4343f6adbcec6d61a162e47c71cb,"улица Комсомольская, д. 60Б"
kamensk-shakhtinsky,Каменск-Шахтинский,в Каменске-Шахтинском,по Каменску-Шахтинскому,Каменска-Шахтинского,"Каменск-Шахтинский, переулок Башкевича, д. 95",3Ab7258378b2ff6560f4c40b119106d9e4a2e36b7c661991cfa1219aeb26a68be7,"переулок Башкевича, д. 95"
donetsk,Донецк,в Донецке,по Донецку,Донецка,"Донецк, проспект Ленина, д. 18А",3A83ca1c6ceb9c0871faeb971fc26c9ba228e2bab0db443fce0e3fda9a0d958f52,"проспект Ленина, д. 18А"
chapayevsk,Чапаевск,в Чапаевске,по Чапаевску,Чапаевска,"Чапаевск, Запорожская улица, д. 18А",3Adffafda5f9c669cc44ab1984b2bf89d8241ed07ba427fcad8b9c0949bf137006,"Запорожская улица, д. 18А"
zhigulevsk,Жигулёвск,в Жигулёвске,по Жигулёвску,Жигулёвска,"Жигулёвск, Московское шоссе, д. 18",3A179ae86bf8c4056acac0a6d52ec75aadec15dba058de444ac81153afae5ee6e7,"Московское шоссе, д. 18"
otradny,Отрадный,в Отрадном,по Отрадному,Отрадного,"Отрадный, улица Нефтяников, д. 90",3Ae120b9465bb9726916ac175194e3a36eacf01119063369596cf5579169f14acd,"улица Нефтяников, д. 90"
balashov,Балашов,в Балашове,по Балашову,Балашова,"Балашов, улица 30 лет Победы, д. 156",3Aa7148166a4290e5533081fb7f3535519ca626c97b79cf2f9b0c73935058ccaa7,"улица 30 лет Победы, д. 156"
volsk,Вольск,в Вольске,по Вольску,Вольска,"Вольск, Революционная улица, д. 27",3A06d7b23d1ba7b1dd86d5d3bd6d6140113fcb20ca67c3301af68c7f835af64bf3,"Революционная улица, д. 27"
pugachev,Пугачёв,в Пугачёве,по Пугачёву,Пугачёва,"Пугачёв, улица Максима Горького, д. 21/3",3A9f61b07292d05317a84b2cc1db753ebe0ac224dfc7870ae35ca6fcbab1e0ddfd,"улица Максима Горького, д. 21/3"
rtishchevo,Ртищево,в Ртищево,по Ртищево,Ртищево,"Ртищево, улица Советская, д. 4А",3A7710e1a4f768f71eb7b8e41c31464cd6b017ae753b988071628c7207bd15e686,"улица Советская, д. 4А"
rezh,Реж,в Реже,по Режу,Режа,"Реж, улица Ленина, д. 10",3Aa0fd113707d84bf2d6eb766239421fe53db9fc6dc4ed59cc6ef0307ffd55b4cc,"улица Ленина, д. 10"
sukhoi-log,Сухой Лог,в Сухом Логе,по Сухому Логу,Сухого Лога,"Сухой Лог, улица Белинского, д. 55",3Ac8badd491d17fc8b441c8c5a896f5f1a3dcf633976de04eb6f88d3bc5856b8e1,"улица Белинского, д. 55"
bogdanovich,Богданович,в Богдановиче,по Богдановичу,Богдановича,"Богданович, улица Октябрьская, д. 11А",3Adae14727adccbf54cb0798b0731511db44a5aa49b3f795843e267d627047e990,"улица Октябрьская, д. 11А"
polevskoy,Полевской,в Полевском,по Полевскому,Полевского,"Полевской, микрорайон Зелёный Бор-1, д. 4А",3Aa6fb2b84a52990a7fc842421fd11fe8a9c017efce2c4bcea4301b1fd7c7bb784,"микрорайон Зелёный Бор-1, д. 4А"
revda,Ревда,в Ревде,по Ревде,Ревды,"Ревда, улица Цветников, 39А",3A9520305110c7e8917699a418a46ccae5994b6f68c391ae0eb4ca402454293048,"улица Цветников, 39А"
vyazma,Вязьма,в Вязьме,по Вязьме,Вязьмы,"Вязьма, улица Репина, д. 18",3A406f69ba8325990b33901b2d73f2860b18f831bd505d124e571cfe1acfa69ffc,"улица Репина, д. 18"
safonovo,Сафоново,в Сафоново,по Сафоново,Сафоново,"Сафоново, Октябрьская улица, д. 50",3Aa94696d0e0ac5f9702c39eacbd8e263cc0004367ea9491e694cca4d3b43eba14,"Октябрьская улица, д. 50"
roslavl,Рославль,в Рославле,по Рославлю,Рославля,"Рославль, улица Пролетарская, д. 31",3A22e2ce73496aa4963f6295395d8b523a7dd00bf174fb9654ef0f8022bec9de94,"улица Пролетарская, д. 31"
yartsevo,Ярцево,в Ярцево,по Ярцево,Ярцево,"Ярцево, Советская улица, 13",3A79ccf6fb768742fb786e1a39f5fdbd03ffde563dce616c1b86bc1c0fee18d91e,"Советская улица, 13"
michurinsk,Мичуринск,в Мичуринске,по Мичуринску,Мичуринска,"Мичуринск, улица Лаврова, д. 69/7",3Af5ccdf7e6997e07a79252dd4ce04f42476e3b860509b7c8de7ead638d3a943fa,"улица Лаврова, д. 69/7"
rasskazovo,Рассказово,в Рассказово,по Рассказово,Рассказово,"Рассказово, улица Базарная площадь, д. 3",3A0633b48ba133165bc2bca61cc7b6c4820c5140da8bc140cbf41f48b354100530,"улица Базарная площадь, д. 3"
morshansk,Моршанск,в Моршанске,по Моршанску,Моршанска,"Моршанск, улица Интернациональная, д. 45",3A0855b2ffefeefee746ef029d6437983e0a948f5939e77dd8c234d5c7cfde5ad8,"улица Интернациональная, д. 45"
rzhev,Ржев,в Ржеве,по Ржеву,Ржева,"Ржев, улица 8 Марта, д. 38",3Af718e556541b30f4b38606e65e5b5743aaa949292f735c7fe1ece3fde395c2db,"улица 8 Марта, д. 38"
vyshniy-volochek,Вышний Волочёк,в Вышнем Волочке,по Вышнему Волочку,Вышнего Волочка,"Вышний Волочёк, Казанский проспект, дом 83",3A268d7d8e70654b7994a8dc4391e9bb5dd9e7da3713ade85a218aeb325a66c248,"Казанский проспект, дом 83"
torzhok,Торжок,в Торжке,по Торжку,Торжка,"Торжок, улица Дзержинского, дом 67",3A3631359b634ae33382ab044bf0a612afc5970a48b61bd9fdba31fceeb94863c1,"улица Дзержинского, дом 67"
strezhvoy,Стрежевой,в Стрежевом,по Стрежевому,Стрежевого,"Стрежевой, улица Строителей, дом 49",3Ae7a06dd136493a2d9fe33fe53c46f54418440d4dc449db2033e515416ab24e82,"улица Строителей, дом 49"
shchyokino,Щёкино,в Щёкино,по Щёкино,Щёкино,"Щёкино, улица Советская, дом 2Б",3A3a2eadd446bcd73ff52e1984fc07bc3e1b6c604857fac840c24eecfd75649125,"улица Советская, дом 2Б"
aleksin,Алексин,в Алексине,по Алексину,Алексина,"Алексин, улица Мира, дом 20",3A456ad60c0532dad5139fda81d4022accad26bd7e5bcb8b0dd453443953389a96,"улица Мира, дом 20"
donskoy,Донской,в Донском,по Донскому,Донского,"Донской, Октябрьская улица, дом 77",3Ade240b50e0c44c42017afe22af96d1c386b2f1db087ff2f45685abe8d2a96b75,"Октябрьская улица, дом 77"
uzlovaya,Узловая,в Узловой,по Узловой,Узловой,"Узловая, улица Беклемищева, дом 27",3A1c57b34be4f0e9909d99781263620cd931d5e1518d6b39cdb97cddf2e244f414,"улица Беклемищева, дом 27"
tobolsk,Тобольск,в Тобольске,по Тобольску,Тобольска,"Тобольск, улица Семёна Ремезова, 21",3A96ba5de8bd4d08142dcad9a109e2097e02f51763200428addc445dd3e585e213,"улица Семёна Ремезова, 21"
ishim,Ишим,в Ишиме,по Ишиму,Ишима,"Ишим, улица Карла Маркса, 31",3A75ec3e34a536a497d66c689ff748355a787b981d1b706fe69e58d75ca18316f2,"улица Карла Маркса, 31"
yalutorovsk,Ялуторовск,в Ялуторовске,по Ялуторовску,Ялуторовска,"Ялуторовск, улица Свободы, дом 177",3A487605e4463774ba72cc327d8ae0aa81762ea6da8bb7c678d6deb053c935af6d,"улица Свободы, дом 177"
snezhinsk,Снежинск,в Снежинске,по Снежинску,Снежинска,"Снежинск, улица Академика Забабахина, д. 19",3A9b13e208cf9c2ebc4708cc913c2570613e1e9e607428377760b9d1efa13773a7,"улица Академика Забабахина, д. 19"
satka,Сатка,в Сатке,по Сатке,Сатки,"Сатка, улица Пролетарская, д. 33А",3A410a5c69af55f4e95097c0967c4747e592646bf78c3df63070bdb08aa6ccec71,"улица Пролетарская, д. 33А"
chebarkul,Чебаркуль,в Чебаркуле,по Чебаркулю,Чебаркуля,"Чебаркуль, улица Мира, д. 17а",3Ac59642db9ce3d0f4cb23540f17edaa6bf587c9ad1bf988ccb5c2a020abcf2770,"улица Мира, д. 17а"
rybinsk,Рыбинск,в Рыбинске,по Рыбинску,Рыбинска,"Рыбинск, улица Максима Горького, д. 10",3A5fb30e560be6306e8028a64e2564288cde51a10b29218d2d239b33d849ace07f,"улица Максима Горького, д. 10"
pereslavl-zalesskiy,Переславль-Залесский,в Переславле-Залесском,по Переславлю-Залесскому,Переславля-Залесского,"Переславль-Залесский, улица Ростовская, д. 45",3Aa327ccee4dd718d772381b9e2bc160cc1ae3a20f9da5ad063cb6cd30503edd4c,"улица Ростовская, д. 45"